,,,,,,,
Activity,Box/Pallet/Date,Remark,,"8, 156,11",,,
Total Stocks,8000,Boxes,,,,,
,600+,Pallets,,,,,
Pallets in 1 Trailer Trip,22,Pallets,,175,32,5600,15
Total Trip in a day,2,"Initially we will have 1 trip considering AK Kaden Operations, we will also use AK Driver",,350,,,
Total days require to move 500 pallets,17,Days,,,,,
"Starting Date, Depend on Inv Count","Wednesday, September 24, 2025",,,,,,
Completion Date,"Saturday, October 11, 2025",,,,,,
Manpower Required in AKDC,3,These will be over and above Kaden MP planning. Mail has been sent to you to add 9 MP,,,,,
Manpower Required in Kaden,4,,,,,,
